{
  "execPath": "/Users/williambailey/.platformio/packages/toolchain-xtensa32/bin/xtensa-esp32-elf-g++",
  "gccDefaultCFlags": "-fsyntax-only -std=gnu99 -Wno-old-style-declaration -Os -g3 -Wall -nostdlib -Wpointer-arith -Wno-error=unused-but-set-variable -Wno-error=unused-variable -mlongcalls -ffunction-sections -fdata-sections -fstrict-volatile-bitfields -Wno-error=deprecated-declarations -Wno-error=unused-function -Wno-unused-parameter -Wno-sign-compare -fstack-protector -fexceptions -Werror=reorder -DPLATFORMIO=50205 -DARDUINO_ESP32_THING -DESP32 -DESP_PLATFORM -DF_CPU=240000000L -DHAVE_CONFIG_H -DMBEDTLS_CONFIG_FILE=\"mbedtls/esp_config.h\" -DARDUINO=10805 -DARDUINO_ARCH_ESP32 -DARDUINO_VARIANT=\"esp32thing\" -DARDUINO_BOARD=\"SparkFun\\ ESP32\\ Thing\"",
  "gccDefaultCppFlags": "-fsyntax-only -fno-rtti -fno-exceptions -std=gnu++11 -Os -g3 -Wall -nostdlib -Wpointer-arith -Wno-error=unused-but-set-variable -Wno-error=unused-variable -mlongcalls -ffunction-sections -fdata-sections -fstrict-volatile-bitfields -Wno-error=deprecated-declarations -Wno-error=unused-function -Wno-unused-parameter -Wno-sign-compare -fstack-protector -fexceptions -Werror=reorder -DPLATFORMIO=50205 -DARDUINO_ESP32_THING -DESP32 -DESP_PLATFORM -DF_CPU=240000000L -DHAVE_CONFIG_H -DMBEDTLS_CONFIG_FILE=\"mbedtls/esp_config.h\" -DARDUINO=10805 -DARDUINO_ARCH_ESP32 -DARDUINO_VARIANT=\"esp32thing\" -DARDUINO_BOARD=\"SparkFun\\ ESP32\\ Thing\"",
  "gccErrorLimit": 15,
  "gccIncludePaths": "/Users/williambailey/Documents/PlatformIO/Projects/Systems_Integration_Attempt7/include,/Users/williambailey/Documents/PlatformIO/Projects/Systems_Integration_Attempt7/src,/Users/williambailey/Documents/PlatformIO/Projects/Systems_Integration_Attempt7/.pio/libdeps/esp32thing/SparkFun_FS3000_Arduino_Library/src,/Users/williambailey/Documents/PlatformIO/Projects/Systems_Integration_Attempt7/.pio/libdeps/esp32thing/Adafruit BME280 Library,/Users/williambailey/Documents/PlatformIO/Projects/Systems_Integration_Attempt7/.pio/libdeps/esp32thing/Adafruit BusIO,/Users/williambailey/.platformio/packages/framework-arduinoespressif32/libraries/SPI/src,/Users/williambailey/Documents/PlatformIO/Projects/Systems_Integration_Attempt7/.pio/libdeps/esp32thing/Adafruit Unified Sensor,/Users/williambailey/.platformio/packages/framework-arduinoespressif32/libraries/Wire/src,/Users/williambailey/Documents/PlatformIO/Projects/Systems_Integration_Attempt7/.pio/libdeps/esp32thing/ESP32 AnalogWrite/src,/Users/williambailey/.platformio/packages/framework-arduinoespressif32/libraries/SPIFFS/src,/Users/williambailey/Documents/PlatformIO/Projects/Systems_Integration_Attempt7/.pio/libdeps/esp32thing/ESPAsyncWebServer/src,/Users/williambailey/.platformio/packages/framework-arduinoespressif32/libraries/WiFi/src,/Users/williambailey/.platformio/packages/framework-arduinoespressif32/libraries/FS/src,/Users/williambailey/Documents/PlatformIO/Projects/Systems_Integration_Attempt7/.pio/libdeps/esp32thing/AsyncTCP/src,/Users/williambailey/.platformio/packages/framework-arduinoespressif32/tools/sdk/include/config,/Users/williambailey/.platformio/packages/framework-arduinoespressif32/tools/sdk/include/app_trace,/Users/williambailey/.platformio/packages/framework-arduinoespressif32/tools/sdk/include/app_update,/Users/williambailey/.platformio/packages/framework-arduinoespressif32/tools/sdk/include/asio,/Users/williambailey/.platformio/packages/framework-arduinoespressif32/tools/sdk/include/bootloader_support,/Users/williambailey/.platformio/packages/framework-arduinoespressif32/tools/sdk/include/bt,/Users/williambailey/.platformio/packages/framework-arduinoespressif32/tools/sdk/include/coap,/Users/williambailey/.platformio/packages/framework-arduinoespressif32/tools/sdk/include/console,/Users/williambailey/.platformio/packages/framework-arduinoespressif32/tools/sdk/include/driver,/Users/williambailey/.platformio/packages/framework-arduinoespressif32/tools/sdk/include/efuse,/Users/williambailey/.platformio/packages/framework-arduinoespressif32/tools/sdk/include/esp-tls,/Users/williambailey/.platformio/packages/framework-arduinoespressif32/tools/sdk/include/esp32,/Users/williambailey/.platformio/packages/framework-arduinoespressif32/tools/sdk/include/esp_adc_cal,/Users/williambailey/.platformio/packages/framework-arduinoespressif32/tools/sdk/include/esp_event,/Users/williambailey/.platformio/packages/framework-arduinoespressif32/tools/sdk/include/esp_http_client,/Users/williambailey/.platformio/packages/framework-arduinoespressif32/tools/sdk/include/esp_http_server,/Users/williambailey/.platformio/packages/framework-arduinoespressif32/tools/sdk/include/esp_https_ota,/Users/williambailey/.platformio/packages/framework-arduinoespressif32/tools/sdk/include/esp_https_server,/Users/williambailey/.platformio/packages/framework-arduinoespressif32/tools/sdk/include/esp_ringbuf,/Users/williambailey/.platformio/packages/framework-arduinoespressif32/tools/sdk/include/esp_websocket_client,/Users/williambailey/.platformio/packages/framework-arduinoespressif32/tools/sdk/include/espcoredump,/Users/williambailey/.platformio/packages/framework-arduinoespressif32/tools/sdk/include/ethernet,/Users/williambailey/.platformio/packages/framework-arduinoespressif32/tools/sdk/include/expat,/Users/williambailey/.platformio/packages/framework-arduinoespressif32/tools/sdk/include/fatfs,/Users/williambailey/.platformio/packages/framework-arduinoespressif32/tools/sdk/include/freemodbus,/Users/williambailey/.platformio/packages/framework-arduinoespressif32/tools/sdk/include/freertos,/Users/williambailey/.platformio/packages/framework-arduinoespressif32/tools/sdk/include/heap,/Users/williambailey/.platformio/packages/framework-arduinoespressif32/tools/sdk/include/idf_test,/Users/williambailey/.platformio/packages/framework-arduinoespressif32/tools/sdk/include/jsmn,/Users/williambailey/.platformio/packages/framework-arduinoespressif32/tools/sdk/include/json,/Users/williambailey/.platformio/packages/framework-arduinoespressif32/tools/sdk/include/libsodium,/Users/williambailey/.platformio/packages/framework-arduinoespressif32/tools/sdk/include/log,/Users/williambailey/.platformio/packages/framework-arduinoespressif32/tools/sdk/include/lwip,/Users/williambailey/.platformio/packages/framework-arduinoespressif32/tools/sdk/include/mbedtls,/Users/williambailey/.platformio/packages/framework-arduinoespressif32/tools/sdk/include/mdns,/Users/williambailey/.platformio/packages/framework-arduinoespressif32/tools/sdk/include/micro-ecc,/Users/williambailey/.platformio/packages/framework-arduinoespressif32/tools/sdk/include/mqtt,/Users/williambailey/.platformio/packages/framework-arduinoespressif32/tools/sdk/include/newlib,/Users/williambailey/.platformio/packages/framework-arduinoespressif32/tools/sdk/include/nghttp,/Users/williambailey/.platformio/packages/framework-arduinoespressif32/tools/sdk/include/nvs_flash,/Users/williambailey/.platformio/packages/framework-arduinoespressif32/tools/sdk/include/openssl,/Users/williambailey/.platformio/packages/framework-arduinoespressif32/tools/sdk/include/protobuf-c,/Users/williambailey/.platformio/packages/framework-arduinoespressif32/tools/sdk/include/protocomm,/Users/williambailey/.platformio/packages/framework-arduinoespressif32/tools/sdk/include/pthread,/Users/williambailey/.platformio/packages/framework-arduinoespressif32/tools/sdk/include/sdmmc,/Users/williambailey/.platformio/packages/framework-arduinoespressif32/tools/sdk/include/smartconfig_ack,/Users/williambailey/.platformio/packages/framework-arduinoespressif32/tools/sdk/include/soc,/Users/williambailey/.platformio/packages/framework-arduinoespressif32/tools/sdk/include/spi_flash,/Users/williambailey/.platformio/packages/framework-arduinoespressif32/tools/sdk/include/spiffs,/Users/williambailey/.platformio/packages/framework-arduinoespressif32/tools/sdk/include/tcp_transport,/Users/williambailey/.platformio/packages/framework-arduinoespressif32/tools/sdk/include/tcpip_adapter,/Users/williambailey/.platformio/packages/framework-arduinoespressif32/tools/sdk/include/ulp,/Users/williambailey/.platformio/packages/framework-arduinoespressif32/tools/sdk/include/unity,/Users/williambailey/.platformio/packages/framework-arduinoespressif32/tools/sdk/include/vfs,/Users/williambailey/.platformio/packages/framework-arduinoespressif32/tools/sdk/include/wear_levelling,/Users/williambailey/.platformio/packages/framework-arduinoespressif32/tools/sdk/include/wifi_provisioning,/Users/williambailey/.platformio/packages/framework-arduinoespressif32/tools/sdk/include/wpa_supplicant,/Users/williambailey/.platformio/packages/framework-arduinoespressif32/tools/sdk/include/xtensa-debug-module,/Users/williambailey/.platformio/packages/framework-arduinoespressif32/tools/sdk/include/esp-face,/Users/williambailey/.platformio/packages/framework-arduinoespressif32/tools/sdk/include/esp32-camera,/Users/williambailey/.platformio/packages/framework-arduinoespressif32/tools/sdk/include/fb_gfx,/Users/williambailey/.platformio/packages/framework-arduinoespressif32/cores/esp32,/Users/williambailey/.platformio/packages/framework-arduinoespressif32/variants/esp32thing,/Users/williambailey/.platformio/packages/framework-arduinoespressif32/libraries/ArduinoOTA/src,/Users/williambailey/.platformio/packages/framework-arduinoespressif32/libraries/AsyncUDP/src,/Users/williambailey/.platformio/packages/framework-arduinoespressif32/libraries/AzureIoT/src,/Users/williambailey/.platformio/packages/framework-arduinoespressif32/libraries/BLE/src,/Users/williambailey/.platformio/packages/framework-arduinoespressif32/libraries/BluetoothSerial/src,/Users/williambailey/.platformio/packages/framework-arduinoespressif32/libraries/DNSServer/src,/Users/williambailey/.platformio/packages/framework-arduinoespressif32/libraries/EEPROM/src,/Users/williambailey/.platformio/packages/framework-arduinoespressif32/libraries/ESP32/src,/Users/williambailey/.platformio/packages/framework-arduinoespressif32/libraries/ESPmDNS/src,/Users/williambailey/.platformio/packages/framework-arduinoespressif32/libraries/FFat/src,/Users/williambailey/.platformio/packages/framework-arduinoespressif32/libraries/HTTPClient/src,/Users/williambailey/.platformio/packages/framework-arduinoespressif32/libraries/HTTPUpdate/src,/Users/williambailey/.platformio/packages/framework-arduinoespressif32/libraries/HTTPUpdateServer/src,/Users/williambailey/.platformio/packages/framework-arduinoespressif32/libraries/NetBIOS/src,/Users/williambailey/.platformio/packages/framework-arduinoespressif32/libraries/Preferences/src,/Users/williambailey/.platformio/packages/framework-arduinoespressif32/libraries/SD/src,/Users/williambailey/.platformio/packages/framework-arduinoespressif32/libraries/SD_MMC/src,/Users/williambailey/.platformio/packages/framework-arduinoespressif32/libraries/SimpleBLE/src,/Users/williambailey/.platformio/packages/framework-arduinoespressif32/libraries/Ticker/src,/Users/williambailey/.platformio/packages/framework-arduinoespressif32/libraries/Update/src,/Users/williambailey/.platformio/packages/framework-arduinoespressif32/libraries/WebServer/src,/Users/williambailey/.platformio/packages/framework-arduinoespressif32/libraries/WiFiClientSecure/src,/Users/williambailey/.platformio/packages/framework-arduinoespressif32/libraries/WiFiProv/src,/Users/williambailey/.platformio/packages/toolchain-xtensa32/xtensa-esp32-elf/include/c++/5.2.0,/Users/williambailey/.platformio/packages/toolchain-xtensa32/xtensa-esp32-elf/include/c++/5.2.0/xtensa-esp32-elf,/Users/williambailey/.platformio/packages/toolchain-xtensa32/lib/gcc/xtensa-esp32-elf/5.2.0/include,/Users/williambailey/.platformio/packages/toolchain-xtensa32/lib/gcc/xtensa-esp32-elf/5.2.0/include-fixed,/Users/williambailey/.platformio/packages/toolchain-xtensa32/xtensa-esp32-elf/include",
  "gccSuppressWarnings": false
}
